group,pre_CU_gap,post_CU_gap,change,DID
Direct (control),58.12414665172872,59.45360982537687,1.3294631736481506,
IE (treatment),-29.17214337315431,4.73863912288374,33.91078249603805,32.5813193223899
