Cycle,Individual,PAC Direct,IE,527
2004,-10.634303513289261,56.06781477055722,-60.44915544603899,-54.01479328168654
2008,-19.882607610672228,60.180478532900224,2.104868699730372,-36.65418259484874
2012,14.242548254351053,97.08107043501809,41.81982121840172,-27.423033127423256
2020,-13.652544889299076,21.826149215735654,-32.34254297263424,-83.96859797828662
